anchor_position,CORE_AND_PARTIAL_HALLUCINATION,CORE_HALLUCINATION,NO_HALLUCINATION,PARSE_ERROR,PARTIAL_HALLUCINATION
0,0.0,100.0,0.0,0.0,0.0
1,0.0,100.0,0.0,0.0,0.0
2,2.0,92.0,0.0,0.0,6.0
3,1.0,98.0,0.0,0.0,1.0
7,0.0,100.0,0.0,0.0,0.0
10,3.0,88.0,6.0,0.0,3.0
15,14.000000000000002,43.0,9.0,1.0,33.0
30,25.0,28.000000000000004,15.0,0.0,32.0
60,10.0,39.0,27.0,2.0,22.0
