anchor_position,CORE_AND_PARTIAL_HALLUCINATION,CORE_HALLUCINATION,NO_HALLUCINATION,PARSE_ERROR,PARTIAL_HALLUCINATION
0,0.0,99.0,1.0,0.0,0.0
1,0.0,98.0,2.0,0.0,0.0
2,1.0,92.0,1.0,0.0,6.0
3,1.0,83.0,3.0,1.0,12.0
7,14.000000000000002,69.0,4.0,3.0,10.0
10,8.0,73.0,6.0,2.0,11.0
15,9.0,73.0,2.0,1.0,15.0
30,25.0,24.0,9.0,1.0,41.0
60,14.000000000000002,17.0,13.0,5.0,51.0
