anchor_position,CORE_AND_PARTIAL_HALLUCINATION,CORE_HALLUCINATION,NO_HALLUCINATION,PARSE_ERROR,PARTIAL_HALLUCINATION
3,2.0,92.0,4.0,2.0,0.0
5,0.0,66.0,18.0,2.0,14.000000000000002
10,2.0,22.0,46.0,10.0,20.0
15,2.0,46.0,28.000000000000004,4.0,20.0
30,0.0,14.000000000000002,64.0,2.0,20.0
60,6.0,18.0,48.0,2.0,26.0
